<?xml version="1.0" encoding="UTF-8" ?>
<XMLDB PATH="question/type/type_calc_sheet/db" VERSION="20130314" COMMENT="XMLDB file for Moodle question/type/type_calc_sheet"
    xmlns:xsi="http://www.w3.org/2001/XMLSchema-instance"
    xsi:noNamespaceSchemaLocation="../../../../lib/xmldb/xmldb.xsd"
>
  <TABLES>
    <TABLE NAME="question_type_calc_sheet" COMMENT="Options for type calc sheet questions">
      <FIELDS>
        <FIELD NAME="id" TYPE="int" LENGTH="10" NOTNULL="true" SEQUENCE="true" NEXT="question"/>
        <FIELD NAME="question" TYPE="int" LENGTH="10" NOTNULL="true" DEFAULT="0" SEQUENCE="false" COMMENT="Foreign key references question.id." PREVIOUS="id" NEXT="answers"/>
        <FIELD NAME="answers" TYPE="char" LENGTH="255" NOTNULL="true" SEQUENCE="false" COMMENT="Redundant. Comma-separated list of question_answer ids. SELECT id FROM question_answers WHERE question = ? ORDER BY id." PREVIOUS="question" NEXT="usecase"/>
        <FIELD NAME="usecase" TYPE="text" NOTNULL="false" SEQUENCE="false" COMMENT="Prefilled spreadsheet for an ergonomic propouse" PREVIOUS="answers" NEXT="solovalor"/>
	      <FIELD NAME="solovalor" TYPE="int" LENGTH="2" NOTNULL="true" DEFAULT="0" SEQUENCE="false" COMMENT="Tomará en cuenta la formula." PREVIOUS="usecase"/>
	
      </FIELDS>
      <KEYS>
        <KEY NAME="primary" TYPE="primary" FIELDS="id" NEXT="question"/>
        <KEY NAME="question" TYPE="foreign" FIELDS="question" REFTABLE="question" REFFIELDS="id" PREVIOUS="primary"/>
      </KEYS>
    </TABLE>
  </TABLES>
</XMLDB>
